"3IHWR4LC7D9KH887R0Z5NW9Q7JVI8Q","3NKEAEA7ZLZWYVWD8CP6NJECTQUWWX","Flip a coin!","mentally flip coins!","coins, random, mental, survey","$0.01","Thu Jan 10 22:27:12 PST 2019","110","BatchId:3496357;OriginalHitTemplateId:928390912;","60","259200","Sun Jan 13 07:55:11 PST 2019","","","30OG32W0SV7VRUQIRL3Y9YXFHEHEN4","A12GVU3GSJSSHD","Approved","Fri Jan 11 06:16:47 PST 2019","Fri Jan 11 06:17:41 PST 2019","Mon Jan 14 06:17:41 PST 2019","Fri Jan 11 08:29:56 PST 2019","","","54","100% (1/1)","100% (1/1)","100% (1/1)","hththhhttthhthhhhttttthhhthththhttthhthhthththhhttthhhthththhhtttthhhthhththhththththhthhhthththhhttthhhhttthhhhththththhhhhhthhhthhhththththhhhhthththhhththth"
"3IHWR4LC7D9KH887R0Z5NW9Q7JVI8Q","3NKEAEA7ZLZWYVWD8CP6NJECTQUWWX","Flip a coin!","mentally flip coins!","coins, random, mental, survey","$0.01","Thu Jan 10 22:27:12 PST 2019","110","BatchId:3496357;OriginalHitTemplateId:928390912;","60","259200","Sun Jan 13 07:55:11 PST 2019","","","3180JW2OT58ZCL641MI3CXALV0PJ5E","AY52II1OC5RZ1","Approved","Thu Jan 10 22:29:01 PST 2019","Thu Jan 10 22:29:51 PST 2019","Sun Jan 13 22:29:51 PST 2019","Fri Jan 11 08:29:56 PST 2019","","","50","100% (1/1)","100% (1/1)","100% (1/1)","thhttthhthththhhthththththhhthhthhthhhththttthhthhhthththtthhththtththhthhthththtthhthtthththththtthththhthhthhhthttthhththththtthththhthththththththththththtthththththhtththhththththththhhthhththththththththththhththththttthhththththththtt"
"3IHWR4LC7D9KH887R0Z5NW9Q7JVI8Q","3NKEAEA7ZLZWYVWD8CP6NJECTQUWWX","Flip a coin!","mentally flip coins!","coins, random, mental, survey","$0.01","Thu Jan 10 22:27:12 PST 2019","110","BatchId:3496357;OriginalHitTemplateId:928390912;","60","259200","Sun Jan 13 07:55:11 PST 2019","","","3180JW2OT58ZCL641MI3CXALV125JF","A169WOY6V57WGX","Approved","Fri Jan 11 04:27:27 PST 2019","Fri Jan 11 04:28:20 PST 2019","Mon Jan 14 04:28:20 PST 2019","Fri Jan 11 08:29:56 PST 2019","","","53","100% (2/2)","100% (2/2)","100% (2/2)","hththththththththththththththththththththththththththththththththhththththththhthththththththththththththththththththththththththththththththththththththththththhththhthththhthhht"
"3IHWR4LC7D9KH887R0Z5NW9Q7JVI8Q","3NKEAEA7ZLZWYVWD8CP6NJECTQUWWX","Flip a coin!","mentally flip coins!","coins, random, mental, survey","$0.01","Thu Jan 10 22:27:12 PST 2019","110","BatchId:3496357;OriginalHitTemplateId:928390912;","60","259200","Sun Jan 13 07:55:11 PST 2019","","","31EUONYN2WZUBQCGNQSLORL67JJOVT","A1LEWF3XCAKF39","Approved","Fri Jan 11 05:20:37 PST 2019","Fri Jan 11 05:21:15 PST 2019","Mon Jan 14 05:21:15 PST 2019","Fri Jan 11 08:29:56 PST 2019","","","38","100% (1/1)","100% (1/1)","100% (1/1)","hthththththththtthththththththththththththththtththththththththththththththththththththththththtthththththththththththththththththththththththththththhthththththtththhththtththth"
"3IHWR4LC7D9KH887R0Z5NW9Q7JVI8Q","3NKEAEA7ZLZWYVWD8CP6NJECTQUWWX","Flip a coin!","mentally flip coins!","coins, random, mental, survey","$0.01","Thu Jan 10 22:27:12 PST 2019","110","BatchId:3496357;OriginalHitTemplateId:928390912;","60","259200","Sun Jan 13 07:55:11 PST 2019","","","31IBVUNM9TV05DZNON9V1XCSFI8VFU","AZ6M0MDK5U9N2","Approved","Fri Jan 11 02:34:05 PST 2019","Fri Jan 11 02:34:38 PST 2019","Mon Jan 14 02:34:38 PST 2019","Fri Jan 11 08:29:56 PST 2019","","","33","100% (1/1)","100% (1/1)","100% (1/1)","hthththththththhhhthththththththtttthththththhtthththththhhthththththtthththththhththththttthththttttththththhtht"
"3IHWR4LC7D9KH887R0Z5NW9Q7JVI8Q","3NKEAEA7ZLZWYVWD8CP6NJECTQUWWX","Flip a coin!","mentally flip coins!","coins, random, mental, survey","$0.01","Thu Jan 10 22:27:12 PST 2019","110","BatchId:3496357;OriginalHitTemplateId:928390912;","60","259200","Sun Jan 13 07:55:11 PST 2019","","","32XVDSJFP0TXEWT2M0TXUIZQFKWM2N","A20AHJH4TKOCQV","Approved","Thu Jan 10 22:49:22 PST 2019","Thu Jan 10 22:50:14 PST 2019","Sun Jan 13 22:50:14 PST 2019","Fri Jan 11 08:29:57 PST 2019","","","52","100% (1/1)","100% (1/1)","100% (1/1)","hththhhhthttttththttthtththtttttthhhththhtthththththhhhthththththtthtthththththhhthththhththhhththththhhhthththtttttttttthhthhhthhhthhttthhtththhhhthththhththththththththththththththt"
"3IHWR4LC7D9KH887R0Z5NW9Q7JVI8Q","3NKEAEA7ZLZWYVWD8CP6NJECTQUWWX","Flip a coin!","mentally flip coins!","coins, random, mental, survey","$0.01","Thu Jan 10 22:27:12 PST 2019","110","BatchId:3496357;OriginalHitTemplateId:928390912;","60","259200","Sun Jan 13 07:55:11 PST 2019","","","338JKRMM27V0RLNV8I6Z8VASAMNAH7","A1RADHEKIF76MU","Approved","Thu Jan 10 22:33:38 PST 2019","Thu Jan 10 22:34:31 PST 2019","Sun Jan 13 22:34:31 PST 2019","Fri Jan 11 08:29:57 PST 2019","","","53","100% (1/1)","100% (1/1)","100% (1/1)","htthhtththththhhthththththhttttttttthhhhhhtththhththhthththththththhhhthhttttthttthththththhthththth"
"3IHWR4LC7D9KH887R0Z5NW9Q7JVI8Q","3NKEAEA7ZLZWYVWD8CP6NJECTQUWWX","Flip a coin!","mentally flip coins!","coins, random, mental, survey","$0.01","Thu Jan 10 22:27:12 PST 2019","110","BatchId:3496357;OriginalHitTemplateId:928390912;","60","259200","Sun Jan 13 07:55:11 PST 2019","","","33CID57105P2TW70QO6NDFPTLT43LB","A12RU0V9GCCNAF","Approved","Thu Jan 10 22:30:50 PST 2019","Thu Jan 10 22:31:33 PST 2019","Sun Jan 13 22:31:33 PST 2019","Fri Jan 11 08:29:57 PST 2019","","","43","100% (2/2)","100% (2/2)","100% (2/2)","hhththththhhhththththhhthththththththhhhhthhtttttttthhththththththththththhhththththththththththththhthhththththhthhhthththththhththhthththtththththththhhthtththtttthththththththththt"
"3IHWR4LC7D9KH887R0Z5NW9Q7JVI8Q","3NKEAEA7ZLZWYVWD8CP6NJECTQUWWX","Flip a coin!","mentally flip coins!","coins, random, mental, survey","$0.01","Thu Jan 10 22:27:12 PST 2019","110","BatchId:3496357;OriginalHitTemplateId:928390912;","60","259200","Sun Jan 13 07:55:11 PST 2019","","","33CID57105P2TW70QO6NDFPTLTEL33","A1EK8YNHZHTW1J","Rejected","Thu Jan 10 23:41:34 PST 2019","Thu Jan 10 23:42:18 PST 2019","Sun Jan 13 23:42:18 PST 2019","","Thu Jan 10 23:45:10 PST 2019","Too few responses. Please put at least 100 t/h","44","0% (0/1)","0% (0/1)","0% (0/1)","t"
"3IHWR4LC7D9KH887R0Z5NW9Q7JVI8Q","3NKEAEA7ZLZWYVWD8CP6NJECTQUWWX","Flip a coin!","mentally flip coins!","coins, random, mental, survey","$0.01","Thu Jan 10 22:27:12 PST 2019","110","BatchId:3496357;OriginalHitTemplateId:928390912;","60","259200","Sun Jan 13 07:55:11 PST 2019","","","33F859I56795AVSNEW6V36UYS6DBHC","A2P2EJP4Y4R01F","Approved","Fri Jan 11 07:56:35 PST 2019","Fri Jan 11 07:57:25 PST 2019","Mon Jan 14 07:57:25 PST 2019","Fri Jan 11 08:29:57 PST 2019","","","50","100% (1/1)","100% (1/1)","100% (1/1)","hhtthhhhttthhhhhttthhhthththththhhtthhtthhhhttthhttthhttttthhhttttttthhhttttttthhhhhttththththththththththttthttt"
"3IHWR4LC7D9KH887R0Z5NW9Q7JVI8Q","3NKEAEA7ZLZWYVWD8CP6NJECTQUWWX","Flip a coin!","mentally flip coins!","coins, random, mental, survey","$0.01","Thu Jan 10 22:27:12 PST 2019","110","BatchId:3496357;OriginalHitTemplateId:928390912;","60","259200","Sun Jan 13 07:55:11 PST 2019","","","33FOTY3KENHDGPZFQ7Z5M3K9T16C18","A3MKF1HE4UG4KM","Approved","Fri Jan 11 06:58:02 PST 2019","Fri Jan 11 06:58:49 PST 2019","Mon Jan 14 06:58:49 PST 2019","Fri Jan 11 08:29:57 PST 2019","","","47","100% (1/1)","100% (1/1)","100% (1/1)","ththhththththhttthhhthhhhthttthththththhththththhththththththhththththththhhhhhththththtttthhthttthththhhhththththtththththttthththththththhhththhhthththththhhthhthththththththththththththhthttthh"
"3IHWR4LC7D9KH887R0Z5NW9Q7JVI8Q","3NKEAEA7ZLZWYVWD8CP6NJECTQUWWX","Flip a coin!","mentally flip coins!","coins, random, mental, survey","$0.01","Thu Jan 10 22:27:12 PST 2019","110","BatchId:3496357;OriginalHitTemplateId:928390912;","60","259200","Sun Jan 13 07:55:11 PST 2019","","","34S6N1K2ZWFHN4EZ59VPH9Q34Y7LHL","A37QEBDK240IFZ","Approved","Fri Jan 11 01:11:43 PST 2019","Fri Jan 11 01:12:36 PST 2019","Mon Jan 14 01:12:36 PST 2019","Fri Jan 11 08:29:57 PST 2019","","","53","100% (1/1)","100% (1/1)","100% (1/1)","hththththththththththththththtthtthtththththttththththththththhhthtthhtththhthtththhthhhthhththhthththththtththththththttttththhhththththththththththththththththththththththththththhthtthhthtththhththththtthhthththththtthhththththththt"
"3IHWR4LC7D9KH887R0Z5NW9Q7JVI8Q","3NKEAEA7ZLZWYVWD8CP6NJECTQUWWX","Flip a coin!","mentally flip coins!","coins, random, mental, survey","$0.01","Thu Jan 10 22:27:12 PST 2019","110","BatchId:3496357;OriginalHitTemplateId:928390912;","60","259200","Sun Jan 13 07:55:11 PST 2019","","","34T446B1C1AD90EXUOV58Y1ZO8N0CE","A2G5GGLXD2KSZS","Rejected","Fri Jan 11 00:38:23 PST 2019","Fri Jan 11 00:39:18 PST 2019","Mon Jan 14 00:39:18 PST 2019","","Fri Jan 11 07:55:10 PST 2019","not enough 'h' or 't's","55","0% (0/1)","0% (0/1)","0% (0/1)","h"
"3IHWR4LC7D9KH887R0Z5NW9Q7JVI8Q","3NKEAEA7ZLZWYVWD8CP6NJECTQUWWX","Flip a coin!","mentally flip coins!","coins, random, mental, survey","$0.01","Thu Jan 10 22:27:12 PST 2019","110","BatchId:3496357;OriginalHitTemplateId:928390912;","60","259200","Sun Jan 13 07:55:11 PST 2019","","","34X6J5FLPUUO57P2LE66A85CRXEJQV","ANI9PXHSSHHAV","Approved","Fri Jan 11 03:00:53 PST 2019","Fri Jan 11 03:01:37 PST 2019","Mon Jan 14 03:01:37 PST 2019","Fri Jan 11 08:29:58 PST 2019","","","44","100% (1/1)","100% (1/1)","100% (1/1)","hththtththththhththththtththththhhthththththththhththththtttthtthththtththththththththththththththththththththththhthhhhhththththththththththttthththththththththtttttththhthththhhhthththhttthththththhhthhtththhhtthththhththththththhhhtttththththttthththhhththth"
"3IHWR4LC7D9KH887R0Z5NW9Q7JVI8Q","3NKEAEA7ZLZWYVWD8CP6NJECTQUWWX","Flip a coin!","mentally flip coins!","coins, random, mental, survey","$0.01","Thu Jan 10 22:27:12 PST 2019","110","BatchId:3496357;OriginalHitTemplateId:928390912;","60","259200","Sun Jan 13 07:55:11 PST 2019","","","35H6S234SBWNOQRXH3OE3T5G9WE658","A4BF0KWC2ITLU","Approved","Fri Jan 11 08:10:05 PST 2019","Fri Jan 11 08:10:54 PST 2019","Mon Jan 14 08:10:54 PST 2019","Fri Jan 11 08:29:58 PST 2019","","","49","100% (1/1)","100% (1/1)","100% (1/1)","thhhhthhhthttttthhhhhhththththththththththththththhthttttttttthhhhhhhhttththththttthtttthhttthhhhthhhhthhhhtthhthtththththththththhhththhhthhthththttttthhhhtttthttthtthhhhhthhhthhthhh"
"3IHWR4LC7D9KH887R0Z5NW9Q7JVI8Q","3NKEAEA7ZLZWYVWD8CP6NJECTQUWWX","Flip a coin!","mentally flip coins!","coins, random, mental, survey","$0.01","Thu Jan 10 22:27:12 PST 2019","110","BatchId:3496357;OriginalHitTemplateId:928390912;","60","259200","Sun Jan 13 07:55:11 PST 2019","","","369J354OFE6L4NGHYZ757QW5Z4BG6H","A3ID5G33X4OHFR","Approved","Fri Jan 11 06:38:54 PST 2019","Fri Jan 11 06:39:50 PST 2019","Mon Jan 14 06:39:50 PST 2019","Fri Jan 11 08:29:58 PST 2019","","","56","100% (1/1)","100% (1/1)","100% (1/1)","hhthththththththththththththhththhthththhtthhthththhththththththththththththththththththhhhhthththth"
"3IHWR4LC7D9KH887R0Z5NW9Q7JVI8Q","3NKEAEA7ZLZWYVWD8CP6NJECTQUWWX","Flip a coin!","mentally flip coins!","coins, random, mental, survey","$0.01","Thu Jan 10 22:27:12 PST 2019","110","BatchId:3496357;OriginalHitTemplateId:928390912;","60","259200","Sun Jan 13 07:55:11 PST 2019","","","36TFCYNS456CNYVOJSYDS3LQB76XH8","ANEOR9PWK87K","Approved","Thu Jan 10 23:45:56 PST 2019","Thu Jan 10 23:46:51 PST 2019","Sun Jan 13 23:46:51 PST 2019","Fri Jan 11 08:29:58 PST 2019","","","55","100% (1/1)","100% (1/1)","100% (1/1)","ththhhththththtthtththtththththththththhthhthhttththhtthhthhhhthhthhtthtththttthththhthhttthhhthhttthhthhhthhhthhhthhththhththththththththhtht"
"3IHWR4LC7D9KH887R0Z5NW9Q7JVI8Q","3NKEAEA7ZLZWYVWD8CP6NJECTQUWWX","Flip a coin!","mentally flip coins!","coins, random, mental, survey","$0.01","Thu Jan 10 22:27:12 PST 2019","110","BatchId:3496357;OriginalHitTemplateId:928390912;","60","259200","Sun Jan 13 07:55:11 PST 2019","","","37C0GNLMHGZIS36QW96X15T8MB4D6B","A16ZE0H0T8NKZY","Approved","Thu Jan 10 22:33:55 PST 2019","Thu Jan 10 22:34:53 PST 2019","Sun Jan 13 22:34:53 PST 2019","Fri Jan 11 08:29:58 PST 2019","","","58","100% (1/1)","100% (1/1)","100% (1/1)","htthtthhhhthththhhhhhththththhhhhthththhhhhhthththththhhhhththhhhhhhththhhhhththhhthhhhhhththhhthhthhththhhhhhthhthththhhhhhhththttththththththhththhththttththththhthththhthththhthhththhththhthththhthhthhththhthhthhthhththhthhhthhtttttttttttttttttttt"
"3IHWR4LC7D9KH887R0Z5NW9Q7JVI8Q","3NKEAEA7ZLZWYVWD8CP6NJECTQUWWX","Flip a coin!","mentally flip coins!","coins, random, mental, survey","$0.01","Thu Jan 10 22:27:12 PST 2019","110","BatchId:3496357;OriginalHitTemplateId:928390912;","60","259200","Sun Jan 13 07:55:11 PST 2019","","","37WLF8U1WQMQ69C0OQSK5IOY6KK6K0","AERCBIBZIEM7H","Approved","Fri Jan 11 00:56:42 PST 2019","Fri Jan 11 00:57:27 PST 2019","Mon Jan 14 00:57:27 PST 2019","Fri Jan 11 08:29:58 PST 2019","","","45","100% (2/2)","100% (2/2)","100% (2/2)","htththhhtthhhtththhthhhthhhhttthhhttthththtttthhhtthttttttthhhhhththttttthhhhttthhhhhhtttttttttttthhhhhhhhhhttttttththththththtttttttttttttttttttttthhhhhhhththththth"
"3IHWR4LC7D9KH887R0Z5NW9Q7JVI8Q","3NKEAEA7ZLZWYVWD8CP6NJECTQUWWX","Flip a coin!","mentally flip coins!","coins, random, mental, survey","$0.01","Thu Jan 10 22:27:12 PST 2019","110","BatchId:3496357;OriginalHitTemplateId:928390912;","60","259200","Sun Jan 13 07:55:11 PST 2019","","","388U7OUMF8XHF23GCLL0XT0LOB80R6","A27890V91M6OO9","Approved","Fri Jan 11 07:27:31 PST 2019","Fri Jan 11 07:28:12 PST 2019","Mon Jan 14 07:28:12 PST 2019","Fri Jan 11 08:29:58 PST 2019","","","41","100% (1/1)","100% (1/1)","100% (1/1)","hththththththhtththththththththththththththththt"
"3IHWR4LC7D9KH887R0Z5NW9Q7JVI8Q","3NKEAEA7ZLZWYVWD8CP6NJECTQUWWX","Flip a coin!","mentally flip coins!","coins, random, mental, survey","$0.01","Thu Jan 10 22:27:12 PST 2019","110","BatchId:3496357;OriginalHitTemplateId:928390912;","60","259200","Sun Jan 13 07:55:11 PST 2019","","","39GXDJN2OUARQYP0G93PR5V6SD9V8P","A3JEM05G181BNU","Approved","Thu Jan 10 23:54:12 PST 2019","Thu Jan 10 23:54:59 PST 2019","Sun Jan 13 23:54:59 PST 2019","Fri Jan 11 08:29:58 PST 2019","","","47","100% (2/2)","100% (2/2)","100% (2/2)","ththtththththhthhthththththththhhthtttttththhthhthththththtthtthttttttttttttttththththththththththththththtthhhhththththtthhtthttthththhhththththththhthththhththththtthththththhthththhthththhththhththhthttttththh"
"3IHWR4LC7D9KH887R0Z5NW9Q7JVI8Q","3NKEAEA7ZLZWYVWD8CP6NJECTQUWWX","Flip a coin!","mentally flip coins!","coins, random, mental, survey","$0.01","Thu Jan 10 22:27:12 PST 2019","110","BatchId:3496357;OriginalHitTemplateId:928390912;","60","259200","Sun Jan 13 07:55:11 PST 2019","","","39O5D9O87UO9QSDUDBDOAWZ6RLXC3D","A21JTY4NPNVRPB","Approved","Fri Jan 11 03:43:13 PST 2019","Fri Jan 11 03:44:03 PST 2019","Mon Jan 14 03:44:03 PST 2019","Fri Jan 11 08:29:58 PST 2019","","","50","100% (1/1)","100% (1/1)","100% (1/1)","hthththththththththththththththththththththththththththththththththththththththththththththththththt"
"3IHWR4LC7D9KH887R0Z5NW9Q7JVI8Q","3NKEAEA7ZLZWYVWD8CP6NJECTQUWWX","Flip a coin!","mentally flip coins!","coins, random, mental, survey","$0.01","Thu Jan 10 22:27:12 PST 2019","110","BatchId:3496357;OriginalHitTemplateId:928390912;","60","259200","Sun Jan 13 07:55:11 PST 2019","","","39PAAFCODNWAOIHOJ7EKI1RT6QRTV9","A21EZISIJ3JPSW","Approved","Thu Jan 10 23:29:52 PST 2019","Thu Jan 10 23:30:46 PST 2019","Sun Jan 13 23:30:46 PST 2019","Fri Jan 11 08:29:59 PST 2019","","","54","100% (1/1)","100% (1/1)","100% (1/1)","tttttttttttttttttttthhhththhhththththhhthththhthththththththththththththththhhththttththhhthththththhththththththhhhhhhhhtthththhththththththththththththththththth"
"3IHWR4LC7D9KH887R0Z5NW9Q7JVI8Q","3NKEAEA7ZLZWYVWD8CP6NJECTQUWWX","Flip a coin!","mentally flip coins!","coins, random, mental, survey","$0.01","Thu Jan 10 22:27:12 PST 2019","110","BatchId:3496357;OriginalHitTemplateId:928390912;","60","259200","Sun Jan 13 07:55:11 PST 2019","","","39PAAFCODNWAOIHOJ7EKI1RT6QWTVE","A3PWABNVKQ5H4O","Approved","Fri Jan 11 00:10:39 PST 2019","Fri Jan 11 00:11:33 PST 2019","Mon Jan 14 00:11:33 PST 2019","Fri Jan 11 08:29:59 PST 2019","","","54","100% (1/1)","100% (1/1)","100% (1/1)","thththttththththththththththhhttthhthhthththththththththththhhhththththtttthhthththththththhththththththththhthththhththththhthththhththththththththththththththththhthththththththththththththththtth"
"3IHWR4LC7D9KH887R0Z5NW9Q7JVI8Q","3NKEAEA7ZLZWYVWD8CP6NJECTQUWWX","Flip a coin!","mentally flip coins!","coins, random, mental, survey","$0.01","Thu Jan 10 22:27:12 PST 2019","110","BatchId:3496357;OriginalHitTemplateId:928390912;","60","259200","Sun Jan 13 07:55:11 PST 2019","","","39ZSFO5CA9SGX0WJ2NQBK921UICUJ3","AGS3G0AT438E7","Approved","Fri Jan 11 06:54:43 PST 2019","Fri Jan 11 06:55:40 PST 2019","Mon Jan 14 06:55:40 PST 2019","Fri Jan 11 08:29:59 PST 2019","","","57","100% (1/1)","100% (1/1)","100% (1/1)","hthththththththththhththththththththththththththththththththththththththththththththththththththththththththththththththt"
"3IHWR4LC7D9KH887R0Z5NW9Q7JVI8Q","3NKEAEA7ZLZWYVWD8CP6NJECTQUWWX","Flip a coin!","mentally flip coins!","coins, random, mental, survey","$0.01","Thu Jan 10 22:27:12 PST 2019","110","BatchId:3496357;OriginalHitTemplateId:928390912;","60","259200","Sun Jan 13 07:55:11 PST 2019","","","3AMW0RGHOEYZOLF80ZJ93AWJVM6NPN","ADK2TN9GGY5CI","Approved","Fri Jan 11 08:19:36 PST 2019","Fri Jan 11 08:20:30 PST 2019","Mon Jan 14 08:20:30 PST 2019","Fri Jan 11 08:29:59 PST 2019","","","54","100% (1/1)","100% (1/1)","100% (1/1)","ttthhthththtthththththththhthhththhthttttthhtththhththhhtthtthththththhththththththththhhhhhhttttttthththtthththththhtthththththththththtththththththtththththtthththtththththtthththththhththhthtthtthtthththhthththt"
"3IHWR4LC7D9KH887R0Z5NW9Q7JVI8Q","3NKEAEA7ZLZWYVWD8CP6NJECTQUWWX","Flip a coin!","mentally flip coins!","coins, random, mental, survey","$0.01","Thu Jan 10 22:27:12 PST 2019","110","BatchId:3496357;OriginalHitTemplateId:928390912;","60","259200","Sun Jan 13 07:55:11 PST 2019","","","3ATPCQ38J96MDGDKIIANUV5V0JSYAO","A2L9PFQCAY4KFQ","Approved","Fri Jan 11 06:52:02 PST 2019","Fri Jan 11 06:52:51 PST 2019","Mon Jan 14 06:52:51 PST 2019","Fri Jan 11 08:29:59 PST 2019","","","49","100% (1/1)","100% (1/1)","100% (1/1)","thhhtthttthhhhhttthhhhtttththththththttttthhhhhhttthhhhhhhtthhhhhtthhhhttthhhtthhhtthhtthhththththththttththththththththtthththhththththhthththhtttttttthhhhhhhhhhhhhhhhhhhhhhhhhhhhhhhhhhhhhhhhh"
"3IHWR4LC7D9KH887R0Z5NW9Q7JVI8Q","3NKEAEA7ZLZWYVWD8CP6NJECTQUWWX","Flip a coin!","mentally flip coins!","coins, random, mental, survey","$0.01","Thu Jan 10 22:27:12 PST 2019","110","BatchId:3496357;OriginalHitTemplateId:928390912;","60","259200","Sun Jan 13 07:55:11 PST 2019","","","3B2X28YI3XBPD686IDFR6F58JRAB6M","A2GDDDS9ZOKTV2","Approved","Fri Jan 11 05:26:44 PST 2019","Fri Jan 11 05:27:38 PST 2019","Mon Jan 14 05:27:38 PST 2019","Fri Jan 11 08:29:59 PST 2019","","","54","100% (1/1)","100% (1/1)","100% (1/1)","hhhttthththththttththththhhhhttthththttttttthththhhhththththtthhtthhthhhthttththhhthttththhhtttthhhthththhhhhhhhttthhhththththhtthhhttthththththhhttttthhhthththhhhthhhhhtthhhhhttttttttttttttttttttt"
"3IHWR4LC7D9KH887R0Z5NW9Q7JVI8Q","3NKEAEA7ZLZWYVWD8CP6NJECTQUWWX","Flip a coin!","mentally flip coins!","coins, random, mental, survey","$0.01","Thu Jan 10 22:27:12 PST 2019","110","BatchId:3496357;OriginalHitTemplateId:928390912;","60","259200","Sun Jan 13 07:55:11 PST 2019","","","3C8HJ7UOP8QNK7WEB72BHT9X0UDZMS","A22VACRM9GC73M","Approved","Fri Jan 11 05:51:45 PST 2019","Fri Jan 11 05:52:30 PST 2019","Mon Jan 14 05:52:30 PST 2019","Fri Jan 11 08:29:59 PST 2019","","","45","100% (1/1)","100% (1/1)","100% (1/1)","ththththththhthtththhtthhththththththththththtththhththththththththhthththththhthththhthththththththththththththhththththththththhthththththththhtthhththhththththhththththhthththththhththhththhthththhhththhthththththththhthththth"
"3IHWR4LC7D9KH887R0Z5NW9Q7JVI8Q","3NKEAEA7ZLZWYVWD8CP6NJECTQUWWX","Flip a coin!","mentally flip coins!","coins, random, mental, survey","$0.01","Thu Jan 10 22:27:12 PST 2019","110","BatchId:3496357;OriginalHitTemplateId:928390912;","60","259200","Sun Jan 13 07:55:11 PST 2019","","","3CCZ6YKWR8FA69TVFARQN3WIZVE596","A3U9TWTTS9JPV5","Approved","Thu Jan 10 22:33:38 PST 2019","Thu Jan 10 22:34:34 PST 2019","Sun Jan 13 22:34:34 PST 2019","Fri Jan 11 08:29:59 PST 2019","","","56","100% (1/1)","100% (1/1)","100% (1/1)","ttththhhthththhtttththththththhththttththththhhhththththththththththththththhhhhtthththtthhtthhthtthhhthtthttththttthhhhhthtththththtttttthhhhttthhhhththththththththht"
"3IHWR4LC7D9KH887R0Z5NW9Q7JVI8Q","3NKEAEA7ZLZWYVWD8CP6NJECTQUWWX","Flip a coin!","mentally flip coins!","coins, random, mental, survey","$0.01","Thu Jan 10 22:27:12 PST 2019","110","BatchId:3496357;OriginalHitTemplateId:928390912;","60","259200","Sun Jan 13 07:55:11 PST 2019","","","3CFVK00FWMH1QFUI9Q4LKI1DVKSL6L","AO13Q1JHELAPM","Rejected","Fri Jan 11 01:18:38 PST 2019","Fri Jan 11 01:19:29 PST 2019","Mon Jan 14 01:19:29 PST 2019","","Fri Jan 11 07:55:11 PST 2019","not enough 'h' or 't's","51","0% (0/1)","0% (0/1)","0% (0/1)","htthththht"
"3IHWR4LC7D9KH887R0Z5NW9Q7JVI8Q","3NKEAEA7ZLZWYVWD8CP6NJECTQUWWX","Flip a coin!","mentally flip coins!","coins, random, mental, survey","$0.01","Thu Jan 10 22:27:12 PST 2019","110","BatchId:3496357;OriginalHitTemplateId:928390912;","60","259200","Sun Jan 13 07:55:11 PST 2019","","","3D3VGR7TA1BDWU2DV83JZRYSRLB3RJ","A3OB8L76PK8VBN","Approved","Fri Jan 11 00:50:23 PST 2019","Fri Jan 11 00:51:15 PST 2019","Mon Jan 14 00:51:15 PST 2019","Fri Jan 11 08:30:00 PST 2019","","","52","100% (1/1)","100% (1/1)","100% (1/1)","hhthtthhhthththttthhthttthhtththhtththhhttttththththththtttthhhththhhtthhhhtttthhththhhtththhththththtththhhththththththttththttttttththhhthtththhhtththhhtttthhthttthhththththththththththththhhhhhhtttttthhhhttttthhh"
"3IHWR4LC7D9KH887R0Z5NW9Q7JVI8Q","3NKEAEA7ZLZWYVWD8CP6NJECTQUWWX","Flip a coin!","mentally flip coins!","coins, random, mental, survey","$0.01","Thu Jan 10 22:27:12 PST 2019","110","BatchId:3496357;OriginalHitTemplateId:928390912;","60","259200","Sun Jan 13 07:55:11 PST 2019","","","3DIP6YHAPDOAON3ELJEFR17KSJPE8N","A2KNFKUOH7LTFD","Approved","Fri Jan 11 06:57:22 PST 2019","Fri Jan 11 06:58:03 PST 2019","Mon Jan 14 06:58:03 PST 2019","Fri Jan 11 08:30:00 PST 2019","","","41","100% (1/1)","100% (1/1)","100% (1/1)","thththtthhttthhhhthttthhhhtttthththhhhthtttthhhhthththhhthththhhtththhtttthhhtthththhhtttthhthtttthh"
"3IHWR4LC7D9KH887R0Z5NW9Q7JVI8Q","3NKEAEA7ZLZWYVWD8CP6NJECTQUWWX","Flip a coin!","mentally flip coins!","coins, random, mental, survey","$0.01","Thu Jan 10 22:27:12 PST 2019","110","BatchId:3496357;OriginalHitTemplateId:928390912;","60","259200","Sun Jan 13 07:55:11 PST 2019","","","3DUZQ9U6SNK99I49U79U8WV749EVSR","A2AP2LNJIF23DG","Approved","Fri Jan 11 08:15:58 PST 2019","Fri Jan 11 08:16:38 PST 2019","Mon Jan 14 08:16:38 PST 2019","Fri Jan 11 08:30:00 PST 2019","","","40","100% (1/1)","100% (1/1)","100% (1/1)","ththththththththththththththththththththhthththttththththhththhhthttthththththththththhthhththtththththththhhththththttthththththththththtthththththththththtththththhththththththththth"
"3IHWR4LC7D9KH887R0Z5NW9Q7JVI8Q","3NKEAEA7ZLZWYVWD8CP6NJECTQUWWX","Flip a coin!","mentally flip coins!","coins, random, mental, survey","$0.01","Thu Jan 10 22:27:12 PST 2019","110","BatchId:3496357;OriginalHitTemplateId:928390912;","60","259200","Sun Jan 13 07:55:11 PST 2019","","","3EICBYG645SKB6FJGW5BQ3GVNHBJCM","A3D4GJ8JF9S25","Approved","Thu Jan 10 22:29:21 PST 2019","Thu Jan 10 22:30:16 PST 2019","Sun Jan 13 22:30:16 PST 2019","Fri Jan 11 08:30:00 PST 2019","","","55","100% (2/2)","100% (2/2)","100% (2/2)","htthhhththtthhtthhtthhhhthtthththhththhhhhtththhththththththhhhhhhhhhhhhhhhhhhhhhhhhhhhhhhhhhhhhhhhttttttttttt"
"3IHWR4LC7D9KH887R0Z5NW9Q7JVI8Q","3NKEAEA7ZLZWYVWD8CP6NJECTQUWWX","Flip a coin!","mentally flip coins!","coins, random, mental, survey","$0.01","Thu Jan 10 22:27:12 PST 2019","110","BatchId:3496357;OriginalHitTemplateId:928390912;","60","259200","Sun Jan 13 07:55:11 PST 2019","","","3EKVH9QMEZ0UA2NP97UUBSCW67W2DF","A2P791EA88YGSV","Approved","Fri Jan 11 06:55:13 PST 2019","Fri Jan 11 06:56:06 PST 2019","Mon Jan 14 06:56:06 PST 2019","Fri Jan 11 08:30:00 PST 2019","","","53","100% (1/1)","100% (1/1)","100% (1/1)","thththththththththththththththththhhthhthtttthhththththhhhthhththhthhhthhhhhhhhtttttthhthththththththththththththththththththththththththththththththththhththththththththththththththththththththththththththhhhtttthhthhthhhthht"
"3IHWR4LC7D9KH887R0Z5NW9Q7JVI8Q","3NKEAEA7ZLZWYVWD8CP6NJECTQUWWX","Flip a coin!","mentally flip coins!","coins, random, mental, survey","$0.01","Thu Jan 10 22:27:12 PST 2019","110","BatchId:3496357;OriginalHitTemplateId:928390912;","60","259200","Sun Jan 13 07:55:11 PST 2019","","","3FQ5JJ512MKYDUISN7E17TAK1ARKN6","A3S3VYJ2EEH2KH","Approved","Thu Jan 10 22:41:07 PST 2019","Thu Jan 10 22:42:04 PST 2019","Sun Jan 13 22:42:04 PST 2019","Fri Jan 11 08:30:00 PST 2019","","","57","100% (1/1)","100% (1/1)","100% (1/1)","ttthhthttthhhhththtttththhhthtttthhhttthttthhhhhthhhhhtttttthththttttthththhhhhthththttttthththththt"
"3IHWR4LC7D9KH887R0Z5NW9Q7JVI8Q","3NKEAEA7ZLZWYVWD8CP6NJECTQUWWX","Flip a coin!","mentally flip coins!","coins, random, mental, survey","$0.01","Thu Jan 10 22:27:12 PST 2019","110","BatchId:3496357;OriginalHitTemplateId:928390912;","60","259200","Sun Jan 13 07:55:11 PST 2019","","","3GA6AFUKOPK070OAZ3RPLNWM4C1H3O","A2OZF756R5JSG4","Approved","Thu Jan 10 23:18:27 PST 2019","Thu Jan 10 23:19:23 PST 2019","Sun Jan 13 23:19:23 PST 2019","Fri Jan 11 08:30:00 PST 2019","","","56","100% (1/1)","100% (1/1)","100% (1/1)","hhttthhhhhhttttttttthhhhhhhhhhtttttthhhhhhhhhttttttttttttttthhhhhhhhhhhhhhhhhhhhhhhhhhhtttttttthhhththththththhthththhthththhththththththththhththththththhththththththththththththhththththththththhtht"
"3IHWR4LC7D9KH887R0Z5NW9Q7JVI8Q","3NKEAEA7ZLZWYVWD8CP6NJECTQUWWX","Flip a coin!","mentally flip coins!","coins, random, mental, survey","$0.01","Thu Jan 10 22:27:12 PST 2019","110","BatchId:3496357;OriginalHitTemplateId:928390912;","60","259200","Sun Jan 13 07:55:11 PST 2019","","","3HFNH7HEMIAEE5Z1D8L3DVDWZ46GQV","AD1ILDUXZHASF","Approved","Thu Jan 10 23:41:29 PST 2019","Thu Jan 10 23:42:16 PST 2019","Sun Jan 13 23:42:16 PST 2019","Fri Jan 11 08:30:00 PST 2019","","","47","100% (1/1)","100% (1/1)","100% (1/1)","hthhhhtthththhhthhhthhttththtththhtthttttthhhththhhhthhhthttthhtthhhhtthhtthht"
"3IHWR4LC7D9KH887R0Z5NW9Q7JVI8Q","3NKEAEA7ZLZWYVWD8CP6NJECTQUWWX","Flip a coin!","mentally flip coins!","coins, random, mental, survey","$0.01","Thu Jan 10 22:27:12 PST 2019","110","BatchId:3496357;OriginalHitTemplateId:928390912;","60","259200","Sun Jan 13 07:55:11 PST 2019","","","3HYA4D452SFR8M1L0DPKZSFHIJVF2K","A2LFM01A16YPKG","Approved","Fri Jan 11 00:08:31 PST 2019","Fri Jan 11 00:09:17 PST 2019","Mon Jan 14 00:09:17 PST 2019","Fri Jan 11 08:30:00 PST 2019","","","46","100% (2/2)","100% (2/2)","100% (2/2)","htthththhhththththththththththhhthtttththththhhththtthhththhthhthththhththhththtththththtthhthhththtthtththhththththhhththththththtttthhthththththththththtththththththththththththththththththhhhh"
"3IHWR4LC7D9KH887R0Z5NW9Q7JVI8Q","3NKEAEA7ZLZWYVWD8CP6NJECTQUWWX","Flip a coin!","mentally flip coins!","coins, random, mental, survey","$0.01","Thu Jan 10 22:27:12 PST 2019","110","BatchId:3496357;OriginalHitTemplateId:928390912;","60","259200","Sun Jan 13 07:55:11 PST 2019","","","3IFS6Q0HJJF4NCK9V0ABT75DW7BSIK","A3VOYK4UGI5BJF","Approved","Fri Jan 11 07:45:09 PST 2019","Fri Jan 11 07:45:57 PST 2019","Mon Jan 14 07:45:57 PST 2019","Fri Jan 11 08:30:01 PST 2019","","","48","100% (1/1)","100% (1/1)","100% (1/1)","tttthtthththtttttttthhhhhttttttttththththttttththttthttttttttttttttttttttthttttttttttthhhhhhhhhhhhhhh"
"3IHWR4LC7D9KH887R0Z5NW9Q7JVI8Q","3NKEAEA7ZLZWYVWD8CP6NJECTQUWWX","Flip a coin!","mentally flip coins!","coins, random, mental, survey","$0.01","Thu Jan 10 22:27:12 PST 2019","110","BatchId:3496357;OriginalHitTemplateId:928390912;","60","259200","Sun Jan 13 07:55:11 PST 2019","","","3IGI0VL648GH3L37LZ6UEARTLGSNOM","AI2LRSALOOKKU","Approved","Fri Jan 11 06:50:31 PST 2019","Fri Jan 11 06:51:27 PST 2019","Mon Jan 14 06:51:27 PST 2019","Fri Jan 11 08:30:01 PST 2019","","","56","100% (1/1)","100% (1/1)","100% (1/1)","hhhhhhhhhhtttttttttthhhhhhhhhhtttttttttthththththththththththththththththththththththththththththththththtt"
"3IHWR4LC7D9KH887R0Z5NW9Q7JVI8Q","3NKEAEA7ZLZWYVWD8CP6NJECTQUWWX","Flip a coin!","mentally flip coins!","coins, random, mental, survey","$0.01","Thu Jan 10 22:27:12 PST 2019","110","BatchId:3496357;OriginalHitTemplateId:928390912;","60","259200","Sun Jan 13 07:55:11 PST 2019","","","3IHR8NYAM8XD2D52IU4D41QJ43G4PA","A2YHNN0QPCX5F2","Approved","Fri Jan 11 00:27:24 PST 2019","Fri Jan 11 00:28:16 PST 2019","Mon Jan 14 00:28:16 PST 2019","Fri Jan 11 08:30:01 PST 2019","","","52","100% (1/1)","100% (1/1)","100% (1/1)","thhttthhthtthtththttthhhhtttthththttthhhthttthhtttthhhththttthththhhththhhthhtthththhhthhhhhthththttthththttthtththhhhttthththththhththhthhthththhththtttthththththhthththhththhthththhth"
"3IHWR4LC7D9KH887R0Z5NW9Q7JVI8Q","3NKEAEA7ZLZWYVWD8CP6NJECTQUWWX","Flip a coin!","mentally flip coins!","coins, random, mental, survey","$0.01","Thu Jan 10 22:27:12 PST 2019","110","BatchId:3496357;OriginalHitTemplateId:928390912;","60","259200","Sun Jan 13 07:55:11 PST 2019","","","3IO1LGZLKAT6B8AZF1VHFDF7BK7860","A2MPKR4ZTND7KH","Approved","Thu Jan 10 22:33:25 PST 2019","Thu Jan 10 22:34:19 PST 2019","Sun Jan 13 22:34:19 PST 2019","Fri Jan 11 08:30:01 PST 2019","","","54","100% (1/1)","100% (1/1)","100% (1/1)","hthththththththththththththttththththtththhthththththththhthtthhthththhththththththththththththththt"
"3IHWR4LC7D9KH887R0Z5NW9Q7JVI8Q","3NKEAEA7ZLZWYVWD8CP6NJECTQUWWX","Flip a coin!","mentally flip coins!","coins, random, mental, survey","$0.01","Thu Jan 10 22:27:12 PST 2019","110","BatchId:3496357;OriginalHitTemplateId:928390912;","60","259200","Sun Jan 13 07:55:11 PST 2019","","","3ITXP059PXF0IN4FDIVB58KD9KHSJ9","APO4DD2J9RWGP","Approved","Fri Jan 11 00:58:44 PST 2019","Fri Jan 11 00:59:03 PST 2019","Mon Jan 14 00:59:03 PST 2019","Fri Jan 11 08:30:01 PST 2019","","","19","100% (2/2)","100% (2/2)","100% (2/2)","hhhthththththththththththththhhthththththththththththththhhthththththththththththththhhthththththththththththththhhthththththththththththththhhthththththththththththththhhthththththththththththththhhthththththththththththththhhthththththththththththththhhthththththththththththththhhththththththththththththt"
"3IHWR4LC7D9KH887R0Z5NW9Q7JVI8Q","3NKEAEA7ZLZWYVWD8CP6NJECTQUWWX","Flip a coin!","mentally flip coins!","coins, random, mental, survey","$0.01","Thu Jan 10 22:27:12 PST 2019","110","BatchId:3496357;OriginalHitTemplateId:928390912;","60","259200","Sun Jan 13 07:55:11 PST 2019","","","3K5TEWLKGW7KF41DPVFG4UPKV9AIVG","A2TWTE6V8XAJMI","Approved","Thu Jan 10 23:21:24 PST 2019","Thu Jan 10 23:22:20 PST 2019","Sun Jan 13 23:22:20 PST 2019","Fri Jan 11 08:30:01 PST 2019","","","56","100% (1/1)","100% (1/1)","100% (1/1)","tthhtthhhthttthhththtttthththththhththhhtththhthththhthhtththhthtththhththththhthththththththhhthththththththththththhhtththththhthththhththth"
"3IHWR4LC7D9KH887R0Z5NW9Q7JVI8Q","3NKEAEA7ZLZWYVWD8CP6NJECTQUWWX","Flip a coin!","mentally flip coins!","coins, random, mental, survey","$0.01","Thu Jan 10 22:27:12 PST 2019","110","BatchId:3496357;OriginalHitTemplateId:928390912;","60","259200","Sun Jan 13 07:55:11 PST 2019","","","3K772S5NP973HY47ON8L4E0JV1OHEC","A151ZPJYBMOHA1","Approved","Thu Jan 10 22:53:42 PST 2019","Thu Jan 10 22:54:40 PST 2019","Sun Jan 13 22:54:40 PST 2019","Fri Jan 11 08:30:01 PST 2019","","","58","100% (2/2)","100% (2/2)","100% (2/2)","thhthhtthtthtthththththtththtththththtthtthtthttththtthhtththhtththtthtththtthhhthhttthhtthhttthhtththttthtthhtththhtttthtttthtttthhthhttthhthtthththhththththththththththththththththththththththththt"
"3IHWR4LC7D9KH887R0Z5NW9Q7JVI8Q","3NKEAEA7ZLZWYVWD8CP6NJECTQUWWX","Flip a coin!","mentally flip coins!","coins, random, mental, survey","$0.01","Thu Jan 10 22:27:12 PST 2019","110","BatchId:3496357;OriginalHitTemplateId:928390912;","60","259200","Sun Jan 13 07:55:11 PST 2019","","","3KV0LJBBH3HEIGAN1Q8YVQ7YRDFRMC","A3QUWIT972BYUH","Approved","Fri Jan 11 03:32:22 PST 2019","Fri Jan 11 03:33:17 PST 2019","Mon Jan 14 03:33:17 PST 2019","Fri Jan 11 08:30:02 PST 2019","","","55","100% (1/1)","100% (1/1)","100% (1/1)","hththththththththththththththththththththththththththththththththththththththththththththththththththththththththththththththththththththththththththththththththhtththththththththththththhtht"
"3IHWR4LC7D9KH887R0Z5NW9Q7JVI8Q","3NKEAEA7ZLZWYVWD8CP6NJECTQUWWX","Flip a coin!","mentally flip coins!","coins, random, mental, survey","$0.01","Thu Jan 10 22:27:12 PST 2019","110","BatchId:3496357;OriginalHitTemplateId:928390912;","60","259200","Sun Jan 13 07:55:11 PST 2019","","","3L6L49WXW1T993NJYFVZ6VL2D3N45W","A3PSIT0A7OU2FL","Rejected","Fri Jan 11 01:23:43 PST 2019","Fri Jan 11 01:24:24 PST 2019","Mon Jan 14 01:24:24 PST 2019","","Fri Jan 11 07:55:11 PST 2019","not enough 'h' or 't's","41","0% (0/1)","0% (0/1)","0% (0/1)","htttthhhhhhhtttt"
"3IHWR4LC7D9KH887R0Z5NW9Q7JVI8Q","3NKEAEA7ZLZWYVWD8CP6NJECTQUWWX","Flip a coin!","mentally flip coins!","coins, random, mental, survey","$0.01","Thu Jan 10 22:27:12 PST 2019","110","BatchId:3496357;OriginalHitTemplateId:928390912;","60","259200","Sun Jan 13 07:55:11 PST 2019","","","3L6L49WXW1T993NJYFVZ6VL2D5545I","A2B01MEFSL5R97","Approved","Fri Jan 11 07:54:35 PST 2019","Fri Jan 11 07:55:28 PST 2019","Mon Jan 14 07:55:28 PST 2019","Fri Jan 11 08:30:02 PST 2019","","","53","100% (1/1)","100% (1/1)","100% (1/1)","tthththhthththhthhhtttthththhhththtttthhhhhthththttttthththttththtttthhhhththhthththththhhththhththt"
"3IHWR4LC7D9KH887R0Z5NW9Q7JVI8Q","3NKEAEA7ZLZWYVWD8CP6NJECTQUWWX","Flip a coin!","mentally flip coins!","coins, random, mental, survey","$0.01","Thu Jan 10 22:27:12 PST 2019","110","BatchId:3496357;OriginalHitTemplateId:928390912;","60","259200","Sun Jan 13 07:55:11 PST 2019","","","3M0NZ3JDP2UPC0B8J8LP0RYBEY2Z5F","A3CGDCXIOVQNE6","Approved","Thu Jan 10 22:31:04 PST 2019","Thu Jan 10 22:31:42 PST 2019","Sun Jan 13 22:31:42 PST 2019","Fri Jan 11 08:30:02 PST 2019","","","38","100% (1/1)","100% (1/1)","100% (1/1)","httthhhhtttthhththtththththtthththththththththththhhhhttththttttththththththththhththththtththththththththththththththththtthhhhhhttththththththththththththththththththththththththththththththththththththththththththt"
"3IHWR4LC7D9KH887R0Z5NW9Q7JVI8Q","3NKEAEA7ZLZWYVWD8CP6NJECTQUWWX","Flip a coin!","mentally flip coins!","coins, random, mental, survey","$0.01","Thu Jan 10 22:27:12 PST 2019","110","BatchId:3496357;OriginalHitTemplateId:928390912;","60","259200","Sun Jan 13 07:55:11 PST 2019","","","3MHW492WW196BNR4AAD8WNW1CI3MV9","A2PMYBEFV5GDVS","Rejected","Fri Jan 11 00:37:12 PST 2019","Fri Jan 11 00:37:34 PST 2019","Mon Jan 14 00:37:34 PST 2019","","Fri Jan 11 00:39:18 PST 2019","please provide 100 flips, not just one","22","0% (0/1)","0% (0/1)","0% (0/1)","h"
"3IHWR4LC7D9KH887R0Z5NW9Q7JVI8Q","3NKEAEA7ZLZWYVWD8CP6NJECTQUWWX","Flip a coin!","mentally flip coins!","coins, random, mental, survey","$0.01","Thu Jan 10 22:27:12 PST 2019","110","BatchId:3496357;OriginalHitTemplateId:928390912;","60","259200","Sun Jan 13 07:55:11 PST 2019","","","3N4BPTXIO9OB8K21K8QNLO2E96IKUW","A1V17TVCBFTK3F","Approved","Thu Jan 10 22:27:35 PST 2019","Thu Jan 10 22:28:14 PST 2019","Sun Jan 13 22:28:14 PST 2019","Fri Jan 11 08:30:02 PST 2019","","","39","100% (2/2)","100% (2/2)","100% (2/2)","hhthththtthttthhththththththtthhtththhthtthhththhhhtttttththhthththththtthhthththththtthttthhththththththththtththththththhthththttththththhhththththtthththtttththththhhhhhththththtthththtttththhhththththththtth"
"3IHWR4LC7D9KH887R0Z5NW9Q7JVI8Q","3NKEAEA7ZLZWYVWD8CP6NJECTQUWWX","Flip a coin!","mentally flip coins!","coins, random, mental, survey","$0.01","Thu Jan 10 22:27:12 PST 2019","110","BatchId:3496357;OriginalHitTemplateId:928390912;","60","259200","Sun Jan 13 07:55:11 PST 2019","","","3N4BPTXIO9OB8K21K8QNLO2E96VUKJ","A3S1HOO27HM4Z6","Approved","Fri Jan 11 00:00:59 PST 2019","Fri Jan 11 00:01:57 PST 2019","Mon Jan 14 00:01:57 PST 2019","Fri Jan 11 08:30:02 PST 2019","","","58","100% (1/1)","100% (1/1)","100% (1/1)","tthhtttthhhhtththtthhttthtthttthtttthhhhhthtthhhtttththhhthhhhthhththhththhththththththhthththththththhthththththththththhthththththt"
"3IHWR4LC7D9KH887R0Z5NW9Q7JVI8Q","3NKEAEA7ZLZWYVWD8CP6NJECTQUWWX","Flip a coin!","mentally flip coins!","coins, random, mental, survey","$0.01","Thu Jan 10 22:27:12 PST 2019","110","BatchId:3496357;OriginalHitTemplateId:928390912;","60","259200","Sun Jan 13 07:55:11 PST 2019","","","3NGMS9VZTMEB9GDXO84RJB96RNFFFJ","A35NCW00YM00QP","Approved","Fri Jan 11 02:05:20 PST 2019","Fri Jan 11 02:05:56 PST 2019","Mon Jan 14 02:05:56 PST 2019","Fri Jan 11 08:30:02 PST 2019","","","36","100% (1/1)","100% (1/1)","100% (1/1)","ttttttttttttttttttttttttttttttttttttttttttttttttttttttthhhhhhhhhhhhhhhhhhhhhhhhhhhhhhhhhhhhhhhhhhhhhhhhhhhhhhhhhhhhhhhhhhhhhhhhhtttttttttttttttttttttttttttttththhhhhhhhhhhhhhhhththhhhhthththhhhhhhhhhhtht"
"3IHWR4LC7D9KH887R0Z5NW9Q7JVI8Q","3NKEAEA7ZLZWYVWD8CP6NJECTQUWWX","Flip a coin!","mentally flip coins!","coins, random, mental, survey","$0.01","Thu Jan 10 22:27:12 PST 2019","110","BatchId:3496357;OriginalHitTemplateId:928390912;","60","259200","Sun Jan 13 07:55:11 PST 2019","","","3NKQQ8O39Z13UEWRSR40HB7OPX3DUU","A2NVOKL45Z9C2C","Approved","Fri Jan 11 00:41:23 PST 2019","Fri Jan 11 00:42:01 PST 2019","Mon Jan 14 00:42:01 PST 2019","Fri Jan 11 08:30:02 PST 2019","","","38","100% (2/2)","100% (2/2)","100% (2/2)","hhhhhtthththththththhthththhththththhththhhthhhthththththththththththththththththththhthththththththhthhththththhththththththhththththhtthhththththththththhththththththththththththth"
"3IHWR4LC7D9KH887R0Z5NW9Q7JVI8Q","3NKEAEA7ZLZWYVWD8CP6NJECTQUWWX","Flip a coin!","mentally flip coins!","coins, random, mental, survey","$0.01","Thu Jan 10 22:27:12 PST 2019","110","BatchId:3496357;OriginalHitTemplateId:928390912;","60","259200","Sun Jan 13 07:55:11 PST 2019","","","3NPI0JQDAP1XJYKSXV5LC92BK30PTW","AAUBP76Z33BXS","Rejected","Fri Jan 11 05:26:43 PST 2019","Fri Jan 11 05:27:29 PST 2019","Mon Jan 14 05:27:29 PST 2019","","Fri Jan 11 08:29:38 PST 2019","Please flip the coin more times. (In the future, more time will be allotted for this task. Thank you for your time!)","46","0% (0/1)","0% (0/1)","0% (0/1)","httthhhhhhtththt"
"3IHWR4LC7D9KH887R0Z5NW9Q7JVI8Q","3NKEAEA7ZLZWYVWD8CP6NJECTQUWWX","Flip a coin!","mentally flip coins!","coins, random, mental, survey","$0.01","Thu Jan 10 22:27:12 PST 2019","110","BatchId:3496357;OriginalHitTemplateId:928390912;","60","259200","Sun Jan 13 07:55:11 PST 2019","","","3NXNZ5RS1BTPTD7E336NLNAEQ2Q978","A1S1K7134S2VUC","Approved","Fri Jan 11 05:13:19 PST 2019","Fri Jan 11 05:13:34 PST 2019","Mon Jan 14 05:13:34 PST 2019","Fri Jan 11 08:30:02 PST 2019","","","15","100% (1/1)","100% (1/1)","100% (1/1)","thhttthhhthtthhththhhtttthhhttttthhthtththhthhthththhttthtttththhttthhthhhhhhhthttthhtthhhhhtthhttth"
"3IHWR4LC7D9KH887R0Z5NW9Q7JVI8Q","3NKEAEA7ZLZWYVWD8CP6NJECTQUWWX","Flip a coin!","mentally flip coins!","coins, random, mental, survey","$0.01","Thu Jan 10 22:27:12 PST 2019","110","BatchId:3496357;OriginalHitTemplateId:928390912;","60","259200","Sun Jan 13 07:55:11 PST 2019","","","3OF2M9AATHKSUJWBQVPV2GHTBPAKZ0","A1SQC3067DP5TB","Approved","Fri Jan 11 04:30:30 PST 2019","Fri Jan 11 04:31:28 PST 2019","Mon Jan 14 04:31:28 PST 2019","Fri Jan 11 08:30:02 PST 2019","","","58","100% (1/1)","100% (1/1)","100% (1/1)","thhtthththhhththhttthhtthththhthhhttthththhhthtththhhthhhthhhthhhthhhthhhthhhthhhthhhthhhthhhtttthhhtththtthhtthhtthhhthhttthtththhhthththththththththththththththththhhhhhhhhhtttttttttttttttthhhhhhhhhhhhhhhhttttttttttt"
"3IHWR4LC7D9KH887R0Z5NW9Q7JVI8Q","3NKEAEA7ZLZWYVWD8CP6NJECTQUWWX","Flip a coin!","mentally flip coins!","coins, random, mental, survey","$0.01","Thu Jan 10 22:27:12 PST 2019","110","BatchId:3496357;OriginalHitTemplateId:928390912;","60","259200","Sun Jan 13 07:55:11 PST 2019","","","3OJSZ2ATDTS6SQ520DT6975C461759","A13STUE0VL42FA","Rejected","Fri Jan 11 04:17:41 PST 2019","Fri Jan 11 04:18:38 PST 2019","Mon Jan 14 04:18:38 PST 2019","","Fri Jan 11 07:55:11 PST 2019","not enough 'h' or 't's","57","0% (0/1)","0% (0/1)","0% (0/1)","tttt"
"3IHWR4LC7D9KH887R0Z5NW9Q7JVI8Q","3NKEAEA7ZLZWYVWD8CP6NJECTQUWWX","Flip a coin!","mentally flip coins!","coins, random, mental, survey","$0.01","Thu Jan 10 22:27:12 PST 2019","110","BatchId:3496357;OriginalHitTemplateId:928390912;","60","259200","Sun Jan 13 07:55:11 PST 2019","","","3OLQQLKKNTLZ84ZXCNB6GRGY8THEJ3","A3EGOFTCKJYGW","Approved","Fri Jan 11 02:07:32 PST 2019","Fri Jan 11 02:08:20 PST 2019","Mon Jan 14 02:08:20 PST 2019","Fri Jan 11 08:30:03 PST 2019","","","48","100% (1/1)","100% (1/1)","100% (1/1)","hththththttttttttttttttttttttttttttttttttttttttttttttttttttttttttttttttthhhhhhhhhhhhhhhhhhhhhhtttttttttttttttttttttttttttttttttttttthhhhhhhhhhhhhhhhhhhhhhhhhhhhhhhhhhhhhhhhhhh"
"3IHWR4LC7D9KH887R0Z5NW9Q7JVI8Q","3NKEAEA7ZLZWYVWD8CP6NJECTQUWWX","Flip a coin!","mentally flip coins!","coins, random, mental, survey","$0.01","Thu Jan 10 22:27:12 PST 2019","110","BatchId:3496357;OriginalHitTemplateId:928390912;","60","259200","Sun Jan 13 07:55:11 PST 2019","","","3OVHNO1VE7XKGDQ1YE38Y3M3RFEZD1","A2DPNKRTDSDF7X","Rejected","Fri Jan 11 00:10:20 PST 2019","Fri Jan 11 00:10:52 PST 2019","Mon Jan 14 00:10:52 PST 2019","","Fri Jan 11 00:39:19 PST 2019","please provide 100 flips, not just one","32","0% (0/1)","0% (0/1)","0% (0/1)","t"
"3IHWR4LC7D9KH887R0Z5NW9Q7JVI8Q","3NKEAEA7ZLZWYVWD8CP6NJECTQUWWX","Flip a coin!","mentally flip coins!","coins, random, mental, survey","$0.01","Thu Jan 10 22:27:12 PST 2019","110","BatchId:3496357;OriginalHitTemplateId:928390912;","60","259200","Sun Jan 13 07:55:11 PST 2019","","","3P4MQ7TPPY8VJIP1E4WZHVR0XR9BBT","A2IG18D6M0GNUZ","Rejected","Thu Jan 10 23:15:10 PST 2019","Thu Jan 10 23:15:56 PST 2019","Sun Jan 13 23:15:56 PST 2019","","Thu Jan 10 23:45:11 PST 2019","Too few responses. Please put at least 100 t/h","46","0% (0/1)","0% (0/1)","0% (0/1)","htttt"
"3IHWR4LC7D9KH887R0Z5NW9Q7JVI8Q","3NKEAEA7ZLZWYVWD8CP6NJECTQUWWX","Flip a coin!","mentally flip coins!","coins, random, mental, survey","$0.01","Thu Jan 10 22:27:12 PST 2019","110","BatchId:3496357;OriginalHitTemplateId:928390912;","60","259200","Sun Jan 13 07:55:11 PST 2019","","","3P4RDNWND62BO91J861X16EQ0MWIJO","A1EDQ5UFWM4ENG","Approved","Thu Jan 10 22:33:51 PST 2019","Thu Jan 10 22:34:47 PST 2019","Sun Jan 13 22:34:47 PST 2019","Fri Jan 11 08:30:03 PST 2019","","","56","100% (1/1)","100% (1/1)","100% (1/1)","hhhttththththththtttthhhhhhhttttththhttttthhththhhtththtthhhhhtttththttththhhthttthhhtttthhhhhhtttthhhtttthhththththttttttthhhthththttthhhhtt"
"3IHWR4LC7D9KH887R0Z5NW9Q7JVI8Q","3NKEAEA7ZLZWYVWD8CP6NJECTQUWWX","Flip a coin!","mentally flip coins!","coins, random, mental, survey","$0.01","Thu Jan 10 22:27:12 PST 2019","110","BatchId:3496357;OriginalHitTemplateId:928390912;","60","259200","Sun Jan 13 07:55:11 PST 2019","","","3PM8NZGV8ZCP0RUR2IL71HDR2U2QXX","A3I79JC8TT66MP","Approved","Thu Jan 10 23:43:38 PST 2019","Thu Jan 10 23:44:12 PST 2019","Sun Jan 13 23:44:12 PST 2019","Fri Jan 11 08:30:03 PST 2019","","","34","100% (1/1)","100% (1/1)","100% (1/1)","ttthhhththththhhhthtthttthhhththththththhthththhhhththttthhhththhhhhhhttttththttththhttthhtthhhhhttththththhthththththtttttt"
"3IHWR4LC7D9KH887R0Z5NW9Q7JVI8Q","3NKEAEA7ZLZWYVWD8CP6NJECTQUWWX","Flip a coin!","mentally flip coins!","coins, random, mental, survey","$0.01","Thu Jan 10 22:27:12 PST 2019","110","BatchId:3496357;OriginalHitTemplateId:928390912;","60","259200","Sun Jan 13 07:55:11 PST 2019","","","3Q5ZZ9ZEVPBAS4ALAILCN717FQK85A","A3JOA7N8W21TJP","Approved","Fri Jan 11 06:22:00 PST 2019","Fri Jan 11 06:22:52 PST 2019","Mon Jan 14 06:22:52 PST 2019","Fri Jan 11 08:30:03 PST 2019","","","52","100% (1/1)","100% (1/1)","100% (1/1)","hthththththththththhththtthththththththhththtthhththtthhthththththththththhthththththhththththththththththththththhthththththththththththththththththth"
"3IHWR4LC7D9KH887R0Z5NW9Q7JVI8Q","3NKEAEA7ZLZWYVWD8CP6NJECTQUWWX","Flip a coin!","mentally flip coins!","coins, random, mental, survey","$0.01","Thu Jan 10 22:27:12 PST 2019","110","BatchId:3496357;OriginalHitTemplateId:928390912;","60","259200","Sun Jan 13 07:55:11 PST 2019","","","3QAVNHZ3EN02DH6LZ3LX0N3ZR37ALP","ARJ8XLYXTWNE","Approved","Thu Jan 10 23:47:59 PST 2019","Thu Jan 10 23:48:25 PST 2019","Sun Jan 13 23:48:25 PST 2019","Fri Jan 11 08:30:03 PST 2019","","","26","100% (1/1)","100% (1/1)","100% (1/1)","ththtththhtthhhtthhtttttthttttthhttttthhhttththhtthhtttththtththhhtthhhthththtthhtththththhthththtth"
"3IHWR4LC7D9KH887R0Z5NW9Q7JVI8Q","3NKEAEA7ZLZWYVWD8CP6NJECTQUWWX","Flip a coin!","mentally flip coins!","coins, random, mental, survey","$0.01","Thu Jan 10 22:27:12 PST 2019","110","BatchId:3496357;OriginalHitTemplateId:928390912;","60","259200","Sun Jan 13 07:55:11 PST 2019","","","3QHK8ZVMINE7WRBD5HLTVYN59MXLB2","A2W7Y3TZ9YI8HO","Approved","Fri Jan 11 05:10:24 PST 2019","Fri Jan 11 05:11:22 PST 2019","Mon Jan 14 05:11:22 PST 2019","Fri Jan 11 08:30:03 PST 2019","","","58","100% (2/2)","100% (2/2)","100% (2/2)","hhhtthththhhtththththththththththhhhttthttththththththththhhthththththththththththththththththththth"
"3IHWR4LC7D9KH887R0Z5NW9Q7JVI8Q","3NKEAEA7ZLZWYVWD8CP6NJECTQUWWX","Flip a coin!","mentally flip coins!","coins, random, mental, survey","$0.01","Thu Jan 10 22:27:12 PST 2019","110","BatchId:3496357;OriginalHitTemplateId:928390912;","60","259200","Sun Jan 13 07:55:11 PST 2019","","","3QRYMNZ7FZDXGD8FHGST8KXGKONNTM","ALKZHTCBNPMD7","Approved","Fri Jan 11 03:38:49 PST 2019","Fri Jan 11 03:39:43 PST 2019","Mon Jan 14 03:39:43 PST 2019","Fri Jan 11 08:30:03 PST 2019","","","54","100% (1/1)","100% (1/1)","100% (1/1)","hththhhhhttthththhththththththhhhttthhththttthhttttthhhhhttthhhhhtttthththhththttttthhhhhtttttththth"
"3IHWR4LC7D9KH887R0Z5NW9Q7JVI8Q","3NKEAEA7ZLZWYVWD8CP6NJECTQUWWX","Flip a coin!","mentally flip coins!","coins, random, mental, survey","$0.01","Thu Jan 10 22:27:12 PST 2019","110","BatchId:3496357;OriginalHitTemplateId:928390912;","60","259200","Sun Jan 13 07:55:11 PST 2019","","","3QY7M81QH8I9A9Q570XCBWOU1WC7KA","A1B2V27QSGPT6W","Approved","Fri Jan 11 06:37:54 PST 2019","Fri Jan 11 06:38:51 PST 2019","Mon Jan 14 06:38:51 PST 2019","Fri Jan 11 08:30:03 PST 2019","","","57","100% (1/1)","100% (1/1)","100% (1/1)","thhhthtttthhttththththttttthhhthhttththtthhthththththttththhhthhhtthttttththththhththtthththththththhhtthtththtthththtthtthtthththttthtthththththththhthththththththtttttththththththththththttttthhhhttth"
"3IHWR4LC7D9KH887R0Z5NW9Q7JVI8Q","3NKEAEA7ZLZWYVWD8CP6NJECTQUWWX","Flip a coin!","mentally flip coins!","coins, random, mental, survey","$0.01","Thu Jan 10 22:27:12 PST 2019","110","BatchId:3496357;OriginalHitTemplateId:928390912;","60","259200","Sun Jan 13 07:55:11 PST 2019","","","3RUIQRXJBCKJ90XPWUAN91JALGDLLR","A20SXG1DHDIDI7","Approved","Fri Jan 11 05:27:38 PST 2019","Fri Jan 11 05:28:16 PST 2019","Mon Jan 14 05:28:16 PST 2019","Fri Jan 11 08:30:03 PST 2019","","","38","100% (1/1)","100% (1/1)","100% (1/1)","tththhttttthhtththththhhthttttthththhhhhthhhhthhhtthtththhthtthhtthhhttttthhhtthhththtththtthttthhhh"
"3IHWR4LC7D9KH887R0Z5NW9Q7JVI8Q","3NKEAEA7ZLZWYVWD8CP6NJECTQUWWX","Flip a coin!","mentally flip coins!","coins, random, mental, survey","$0.01","Thu Jan 10 22:27:12 PST 2019","110","BatchId:3496357;OriginalHitTemplateId:928390912;","60","259200","Sun Jan 13 07:55:11 PST 2019","","","3RYC5T2D74PK3J70T60QCU1TWHKRP0","A34AQ6IUS0I9OB","Approved","Thu Jan 10 22:30:51 PST 2019","Thu Jan 10 22:31:39 PST 2019","Sun Jan 13 22:31:39 PST 2019","Fri Jan 11 08:30:04 PST 2019","","","48","100% (1/1)","100% (1/1)","100% (1/1)","htthhhhhttththththttthhhhttthhhhtthhhhhttththththttthhhhttthhhhtthhhhhttththththttthhhhttthhhhtthhhhhttththththttthhhhttthhhhtthhhhhttththththttthhhhttthhhhtthhhhhttththththttthhhhttthhhhtthhhhhttththththttthhhhttthhh"
"3IHWR4LC7D9KH887R0Z5NW9Q7JVI8Q","3NKEAEA7ZLZWYVWD8CP6NJECTQUWWX","Flip a coin!","mentally flip coins!","coins, random, mental, survey","$0.01","Thu Jan 10 22:27:12 PST 2019","110","BatchId:3496357;OriginalHitTemplateId:928390912;","60","259200","Sun Jan 13 07:55:11 PST 2019","","","3RYC5T2D74PK3J70T60QCU1TWHLRP1","A3RXO99ZDRWUHX","Approved","Thu Jan 10 22:38:48 PST 2019","Thu Jan 10 22:39:42 PST 2019","Sun Jan 13 22:39:42 PST 2019","Fri Jan 11 08:30:04 PST 2019","","","54","100% (1/1)","100% (1/1)","100% (1/1)","thhhthtttthhttthhhhtttththtthhttthhhtthhhhttthhhtthhhttthhhthththttttthhhhththhhtthhhhhtthhhtthhthth"
"3IHWR4LC7D9KH887R0Z5NW9Q7JVI8Q","3NKEAEA7ZLZWYVWD8CP6NJECTQUWWX","Flip a coin!","mentally flip coins!","coins, random, mental, survey","$0.01","Thu Jan 10 22:27:12 PST 2019","110","BatchId:3496357;OriginalHitTemplateId:928390912;","60","259200","Sun Jan 13 07:55:11 PST 2019","","","3RYC5T2D74PK3J70T60QCU1TWIBPRR","A2QLFQ2ZYR6B7M","Approved","Fri Jan 11 06:38:37 PST 2019","Fri Jan 11 06:38:57 PST 2019","Mon Jan 14 06:38:57 PST 2019","Fri Jan 11 08:30:04 PST 2019","","","20","100% (1/1)","100% (1/1)","100% (1/1)","hththtttthhthhthththththhttththhtthhhthhhthththththththhhhhthththhththhththththththhthththththththtt"
"3IHWR4LC7D9KH887R0Z5NW9Q7JVI8Q","3NKEAEA7ZLZWYVWD8CP6NJECTQUWWX","Flip a coin!","mentally flip coins!","coins, random, mental, survey","$0.01","Thu Jan 10 22:27:12 PST 2019","110","BatchId:3496357;OriginalHitTemplateId:928390912;","60","259200","Sun Jan 13 07:55:11 PST 2019","","","3S4AW7T80CENBSQ4Q2B6NKHZZU3L4J","A2NOWOJMZ4WNPD","Approved","Fri Jan 11 03:17:33 PST 2019","Fri Jan 11 03:18:18 PST 2019","Mon Jan 14 03:18:18 PST 2019","Fri Jan 11 08:30:04 PST 2019","","","45","100% (2/2)","100% (2/2)","100% (2/2)","hthththhhthhhthhthththhthththhththhhhthtthhhhtttthhthththththththhhhttthhthhthththhthththththththththhththththhththththhthththhhthhttthhhhhthththhthhthhthhththhhthhhthttththhthththththhhhhht"
"3IHWR4LC7D9KH887R0Z5NW9Q7JVI8Q","3NKEAEA7ZLZWYVWD8CP6NJECTQUWWX","Flip a coin!","mentally flip coins!","coins, random, mental, survey","$0.01","Thu Jan 10 22:27:12 PST 2019","110","BatchId:3496357;OriginalHitTemplateId:928390912;","60","259200","Sun Jan 13 07:55:11 PST 2019","","","3SKEMFQBZ41DANVOH5PIPWKPCH1K8V","A6HA3UTCN014C","Approved","Fri Jan 11 08:22:51 PST 2019","Fri Jan 11 08:23:40 PST 2019","Mon Jan 14 08:23:40 PST 2019","Fri Jan 11 08:30:04 PST 2019","","","49","100% (1/1)","100% (1/1)","100% (1/1)","hthtththhthththtthththhththtththththhthhththtththhthtththhthththhththhhththtthththhththththththttththtthhhhthtthththhthththtththhththtththhththtttthththhhthththhhhhhthhhthhththtththtthththhtthttththhhththtththhthtththththttththhhthtthththtthtthththhttht"
"3IHWR4LC7D9KH887R0Z5NW9Q7JVI8Q","3NKEAEA7ZLZWYVWD8CP6NJECTQUWWX","Flip a coin!","mentally flip coins!","coins, random, mental, survey","$0.01","Thu Jan 10 22:27:12 PST 2019","110","BatchId:3496357;OriginalHitTemplateId:928390912;","60","259200","Sun Jan 13 07:55:11 PST 2019","","","3TXWC2NHN0MBCBR6R64YGE6ADG09SS","A1BWY44D5G9HBQ","Approved","Fri Jan 11 04:48:10 PST 2019","Fri Jan 11 04:48:52 PST 2019","Mon Jan 14 04:48:52 PST 2019","Fri Jan 11 08:30:04 PST 2019","","","42","100% (2/2)","100% (2/2)","100% (2/2)","hhhhhhhtththttthhhttttthhttthhtthtthththththtthhhhhhhhttttttthhtththththththtttthhththttththttthtthhhhhhhhhttttthththththththhthththttttttttttttttthhththththtthttthtttththtththhhhhththhhttththtthttttttththtththhtth"
"3IHWR4LC7D9KH887R0Z5NW9Q7JVI8Q","3NKEAEA7ZLZWYVWD8CP6NJECTQUWWX","Flip a coin!","mentally flip coins!","coins, random, mental, survey","$0.01","Thu Jan 10 22:27:12 PST 2019","110","BatchId:3496357;OriginalHitTemplateId:928390912;","60","259200","Sun Jan 13 07:55:11 PST 2019","","","3U0SRXB7CE1K0YVNDRNY85WYW2NRN8","A2XHD64QUKA5Z6","Approved","Thu Jan 10 22:59:06 PST 2019","Thu Jan 10 22:59:53 PST 2019","Sun Jan 13 22:59:53 PST 2019","Fri Jan 11 08:30:04 PST 2019","","","47","100% (1/1)","100% (1/1)","100% (1/1)","hththththhththhththththththththththththththhthtthhhthththhthththththhththththththhththhthhththththht"
"3IHWR4LC7D9KH887R0Z5NW9Q7JVI8Q","3NKEAEA7ZLZWYVWD8CP6NJECTQUWWX","Flip a coin!","mentally flip coins!","coins, random, mental, survey","$0.01","Thu Jan 10 22:27:12 PST 2019","110","BatchId:3496357;OriginalHitTemplateId:928390912;","60","259200","Sun Jan 13 07:55:11 PST 2019","","","3U84XHCDID97GH78532FVZSXE2I4ZQ","A228GVGMLLZ9R6","Approved","Thu Jan 10 23:39:57 PST 2019","Thu Jan 10 23:40:44 PST 2019","Sun Jan 13 23:40:44 PST 2019","Fri Jan 11 08:30:04 PST 2019","","","47","100% (1/1)","100% (1/1)","100% (1/1)","thththtttththththththththhhhhhhhhhhhhhhhhhhhhhhttttttttttttttttttttttttttttttttttthhhhhhhhhhhhhhhhhhhhhhhhhhhhhhhhhhhttttttttttttttththththththtththththththththhhhtthhthttttttttttttttttttttttttthhhhhhhhhhhhhhhhhhhhhhhhhhhhhhhhhhhhhhhhhhhhhhhhhhhhhhhttttttttttttttttttttttttttttttttttt"
"3IHWR4LC7D9KH887R0Z5NW9Q7JVI8Q","3NKEAEA7ZLZWYVWD8CP6NJECTQUWWX","Flip a coin!","mentally flip coins!","coins, random, mental, survey","$0.01","Thu Jan 10 22:27:12 PST 2019","110","BatchId:3496357;OriginalHitTemplateId:928390912;","60","259200","Sun Jan 13 07:55:11 PST 2019","","","3UN61F00HXLGA9PH9RRCEOWC5HRR5M","AJZBAP861F6X1","Approved","Thu Jan 10 23:24:59 PST 2019","Thu Jan 10 23:25:46 PST 2019","Sun Jan 13 23:25:46 PST 2019","Fri Jan 11 08:30:05 PST 2019","","","47","100% (1/1)","100% (1/1)","100% (1/1)","htthtthhhhtttththththttthththththhttthhththhttthhtthtththththhhttthhthththththth"
"3IHWR4LC7D9KH887R0Z5NW9Q7JVI8Q","3NKEAEA7ZLZWYVWD8CP6NJECTQUWWX","Flip a coin!","mentally flip coins!","coins, random, mental, survey","$0.01","Thu Jan 10 22:27:12 PST 2019","110","BatchId:3496357;OriginalHitTemplateId:928390912;","60","259200","Sun Jan 13 07:55:11 PST 2019","","","3VBEN272MLVQRLEE5CA88VSXHS2SG7","A2DDLZD87UHANI","Approved","Fri Jan 11 01:10:19 PST 2019","Fri Jan 11 01:11:08 PST 2019","Mon Jan 14 01:11:08 PST 2019","Fri Jan 11 08:30:05 PST 2019","","","49","100% (1/1)","100% (1/1)","100% (1/1)","hhththththtthththththththththhhthhhththhhththttttthhthhthththhthhhhthttthhhththththhhhthhttttththttththhthththhhththththththttthththththhhhthtttthhhhthhhhhththththhthththtttthhhhthhth"
"3IHWR4LC7D9KH887R0Z5NW9Q7JVI8Q","3NKEAEA7ZLZWYVWD8CP6NJECTQUWWX","Flip a coin!","mentally flip coins!","coins, random, mental, survey","$0.01","Thu Jan 10 22:27:12 PST 2019","110","BatchId:3496357;OriginalHitTemplateId:928390912;","60","259200","Sun Jan 13 07:55:11 PST 2019","","","3VELCLL3GLFKJ1JPH9P6U95CQE9F1X","A3J5KZUQO0EN8N","Rejected","Fri Jan 11 03:31:41 PST 2019","Fri Jan 11 03:32:32 PST 2019","Mon Jan 14 03:32:32 PST 2019","","Fri Jan 11 08:29:39 PST 2019","Please flip the coin more times. (In the future, more time will be allotted for this task. Thank you for your time!)","51","0% (0/1)","0% (0/1)","0% (0/1)","httthhthhthhththhttththtththtthhthttt"
"3IHWR4LC7D9KH887R0Z5NW9Q7JVI8Q","3NKEAEA7ZLZWYVWD8CP6NJECTQUWWX","Flip a coin!","mentally flip coins!","coins, random, mental, survey","$0.01","Thu Jan 10 22:27:12 PST 2019","110","BatchId:3496357;OriginalHitTemplateId:928390912;","60","259200","Sun Jan 13 07:55:11 PST 2019","","","3WRFBPLXRBKSHWAL21M2Q7TIQPR3N2","A2KRIPTSNZI4HF","Approved","Fri Jan 11 06:17:19 PST 2019","Fri Jan 11 06:18:13 PST 2019","Mon Jan 14 06:18:13 PST 2019","Fri Jan 11 08:30:05 PST 2019","","","54","100% (1/1)","100% (1/1)","100% (1/1)","thththtthttthththththththththththththththththththttttthhhhthththththththththththththththththththththththththththththththththththth"
"3IHWR4LC7D9KH887R0Z5NW9Q7JVI8Q","3NKEAEA7ZLZWYVWD8CP6NJECTQUWWX","Flip a coin!","mentally flip coins!","coins, random, mental, survey","$0.01","Thu Jan 10 22:27:12 PST 2019","110","BatchId:3496357;OriginalHitTemplateId:928390912;","60","259200","Sun Jan 13 07:55:11 PST 2019","","","3WS1NTTKEZ8KCCY7LQL6G4M2LLQ0F0","A382YEQGYXU3N6","Approved","Fri Jan 11 02:03:40 PST 2019","Fri Jan 11 02:04:35 PST 2019","Mon Jan 14 02:04:35 PST 2019","Fri Jan 11 08:30:05 PST 2019","","","55","50% (1/2)","50% (1/2)","50% (1/2)","htttthhhtththhhttththttthththhttttthththttthhtttttthtttttttttthhhhhhhhhhhhhhhtthththhttttthththttthhtttttthtttttttttthhhhhhhhhhththhttttthththttthhtttttthtttttttttthhhhhhhhhhththhttttthththttthhtttttthtttttttttthhhhhhhhhhththhttttthththttthhtttttthtttttttttthhhhhhhhhhththhttttthththttthhtttttthtttttttttthhhhhhhhhhththhttttthththttthhtttttthtttttttttthhhhhhhhh"
"3IHWR4LC7D9KH887R0Z5NW9Q7JVI8Q","3NKEAEA7ZLZWYVWD8CP6NJECTQUWWX","Flip a coin!","mentally flip coins!","coins, random, mental, survey","$0.01","Thu Jan 10 22:27:12 PST 2019","110","BatchId:3496357;OriginalHitTemplateId:928390912;","60","259200","Sun Jan 13 07:55:11 PST 2019","","","3Z3ZLGNNSJQDKTNDITEJU1ONVZQQ3M","A277JAOM353NAV","Approved","Thu Jan 10 22:28:13 PST 2019","Thu Jan 10 22:29:07 PST 2019","Sun Jan 13 22:29:07 PST 2019","Fri Jan 11 08:30:05 PST 2019","","","54","100% (1/1)","100% (1/1)","100% (1/1)","hthtththhthhthhthhtththththththhththththhththththththhththhhtthththtthhththththhthththhtththhththththhththththththhththththhthhhthhhthththhthththhhthththththththththhththht"
"3IHWR4LC7D9KH887R0Z5NW9Q7JVI8Q","3NKEAEA7ZLZWYVWD8CP6NJECTQUWWX","Flip a coin!","mentally flip coins!","coins, random, mental, survey","$0.01","Thu Jan 10 22:27:12 PST 2019","110","BatchId:3496357;OriginalHitTemplateId:928390912;","60","259200","Sun Jan 13 07:55:11 PST 2019","","","3ZDAD0O1T292S7MJJMF26MOEM2DXTW","A1H7TJDH948CY7","Approved","Fri Jan 11 06:09:48 PST 2019","Fri Jan 11 06:10:39 PST 2019","Mon Jan 14 06:10:39 PST 2019","Fri Jan 11 08:30:05 PST 2019","","","51","100% (1/1)","100% (1/1)","100% (1/1)","htttthhhhhhththhthththhthththththththththhthththththththththhhhhhhthththththtthththththhthththththththththththththththththththththththhththththththththththh"
"3IHWR4LC7D9KH887R0Z5NW9Q7JVI8Q","3NKEAEA7ZLZWYVWD8CP6NJECTQUWWX","Flip a coin!","mentally flip coins!","coins, random, mental, survey","$0.01","Thu Jan 10 22:27:12 PST 2019","110","BatchId:3496357;OriginalHitTemplateId:928390912;","60","259200","Sun Jan 13 07:55:11 PST 2019","","","3ZSANO2JCG3KDLIJUS4QQASLGFFSFP","A21UTGAXMXGQSU","Approved","Fri Jan 11 07:25:46 PST 2019","Fri Jan 11 07:26:42 PST 2019","Mon Jan 14 07:26:42 PST 2019","Fri Jan 11 08:30:05 PST 2019","","","56","100% (1/1)","100% (1/1)","100% (1/1)","ttttththhhthththhhthththththhhhhhhhttththhththththhhhhhhhhhhhhhhhhhhhhhhhhhhhhhhhhhhhhhhhhhhhhhhhhhhhhhhhhhhhhhhhhhhhhhththththtthththhthtt"